[
    {
        "pk": 2,
        "model": "kg.facilitytype",
        "fields": {
            "name_short": "K",
            "name": "Kindergarten"
        }
    },
    {
        "pk": 1,
        "model": "kg.facilitytype",
        "fields": {
            "name_short": "S",
            "name": "Schule"
        }
    },
    {
        "pk": 3,
        "model": "kg.facilitytype",
        "fields": {
            "name_short": "Ta",
            "name": "Tagespflege"
        }
    },
    {
        "pk": 8,
        "model": "kg.facility",
        "fields": {
            "name": "Gem. Parit\u00e4tische L\u00fcderitz",
            "is_active": true,
            "name_short": "Par",
            "tax_rate": 7,
            "type": 3,
            "flatrate_customizable": true
        }
    },
    {
        "pk": 4,
        "model": "kg.facility",
        "fields": {
            "name": "Kindergarten 3",
            "is_active": true,
            "name_short": "K3",
            "tax_rate": 7,
            "type": 2,
            "flatrate_customizable": true
        }
    },
    {
        "pk": 3,
        "model": "kg.facility",
        "fields": {
            "name": "Kindergarten 4",
            "is_active": true,
            "name_short": "K4",
            "tax_rate": 7,
            "type": 2,
            "flatrate_customizable": true
        }
    },
    {
        "pk": 2,
        "model": "kg.facility",
        "fields": {
            "name": "Kindergarten 5",
            "is_active": true,
            "name_short": "K5",
            "tax_rate": 19,
            "type": 2,
            "flatrate_customizable": true
        }
    },
    {
        "pk": 5,
        "model": "kg.facility",
        "fields": {
            "name": "Schule 2",
            "is_active": true,
            "name_short": "S2",
            "tax_rate": 7,
            "type": 1,
            "flatrate_customizable": true
        }
    },
    {
        "pk": 7,
        "model": "kg.facility",
        "fields": {
            "name": "Schule 6",
            "is_active": true,
            "name_short": "S6",
            "tax_rate": 19,
            "type": 1,
            "flatrate_customizable": true
        }
    },
    {
        "pk": 1,
        "model": "kg.facility",
        "fields": {
            "name": "Schule 7",
            "is_active": true,
            "name_short": "S7",
            "tax_rate": 19,
            "type": 1,
            "flatrate_customizable": true
        }
    },
    {
        "pk": 6,
        "model": "kg.facility",
        "fields": {
            "name": "Schule 8",
            "is_active": true,
            "name_short": "S8",
            "tax_rate": 19,
            "type": 1,
            "flatrate_customizable": true
        }
    },
    {
        "pk": 3,
        "model": "kg.facilitysubunit",
        "fields": {
            "mealplan": 3,
            "name": "Alle Gruppen",
            "facility": 3,
            "price_group": 5,
            "sortKey": 0,
            "name_short": "AG"
        }
    },
    {
        "pk": 4,
        "model": "kg.facilitysubunit",
        "fields": {
            "mealplan": 2,
            "name": "Alle Gruppen",
            "facility": 4,
            "price_group": 4,
            "sortKey": 0,
            "name_short": "AG"
        }
    },
    {
        "pk": 2,
        "model": "kg.facilitysubunit",
        "fields": {
            "mealplan": 4,
            "name": "Alle Gruppen",
            "facility": 2,
            "price_group": 6,
            "sortKey": 0,
            "name_short": "AG"
        }
    },
    {
        "pk": 11,
        "model": "kg.facilitysubunit",
        "fields": {
            "mealplan": 1,
            "name": "Alle Klassen",
            "facility": 8,
            "price_group": 8,
            "sortKey": 0,
            "name_short": "Alle"
        }
    },
    {
        "pk": 1,
        "model": "kg.facilitysubunit",
        "fields": {
            "mealplan": 1,
            "name": "Alle Klassen",
            "facility": 1,
            "price_group": 1,
            "sortKey": 0,
            "name_short": "AK"
        }
    },
    {
        "pk": 6,
        "model": "kg.facilitysubunit",
        "fields": {
            "mealplan": 3,
            "name": "Alle Klassen",
            "facility": 6,
            "price_group": 5,
            "sortKey": 0,
            "name_short": "AK"
        }
    },
    {
        "pk": 5,
        "model": "kg.facilitysubunit",
        "fields": {
            "mealplan": 1,
            "name": "Alle Klassen",
            "facility": 5,
            "price_group": 3,
            "sortKey": 0,
            "name_short": "AK"
        }
    },
    {
        "pk": 7,
        "model": "kg.facilitysubunit",
        "fields": {
            "mealplan": 1,
            "name": "Alle Klassen",
            "facility": 7,
            "price_group": 7,
            "sortKey": 0,
            "name_short": "AK"
        }
    },
    {
        "pk": 1,
        "model": "kg.paytype",
        "fields": {
            "new_customers": true
        }
    },
    {
        "pk": 2,
        "model": "kg.paytype",
        "fields": {
            "new_customers": false
        }
    },
    {
        "pk": 3,
        "model": "kg.paytype",
        "fields": {
            "new_customers": false
        }
    },
    {
        "pk": 160,
        "model": "kg.customer",
        "fields": {
            "surname": "Vorname",
            "is_suspended": false,
            "street": "Musterstra\u00dfe 33",
            "city": "Musterstadt",
            "extra_attribute2": "",
            "title": "Familie",
            "credit_minimum": "20.00",
            "new_password": "",
            "note": "",
            "new_password_check": "",
            "email": "testaccount@schulmenueplaner.de",
            "zip_code": "12345",
            "account_balance": "0.00",
            "pay_type": 1,
            "phone2": "",
            "paper_invoice": false,
            "phone": "0371 11111111",
            "last_modified": "2016-06-22T11:05:42.891",
            "user": 162,
            "extra_attribute": "",
            "name": "Kunde2",
            "created_at": "2000-01-01T00:00:00",
            "suspension_reason": ""
        }
    },
    {
        "pk": 416,
        "model": "kg.customer",
        "fields": {
            "surname": "Vorname",
            "is_suspended": false,
            "street": "Musterstra\u00dfe 33",
            "city": "Musterstadt",
            "extra_attribute2": "",
            "title": "Familie",
            "credit_minimum": "20.00",
            "new_password": "",
            "note": "",
            "new_password_check": "",
            "email": "testaccount@schulmenueplaner.de",
            "zip_code": "12345",
            "account_balance": "0.00",
            "pay_type": 1,
            "phone2": "",
            "paper_invoice": true,
            "phone": "0371 11111111",
            "last_modified": "2016-06-22T11:05:36.022",
            "user": null,
            "extra_attribute": "",
            "name": "Kunde22",
            "created_at": "2000-01-01T00:00:00",
            "suspension_reason": ""
        }
    },
    {
        "pk": 312,
        "model": "kg.child",
        "fields": {
            "customer": 160,
            "surname": "Kind1",
            "name": "Kunde2",
            "facility": 1,
            "created_at": "2000-01-01T00:00:00",
            "rfid_tag_update_time": 0,
            "flatrate": false,
            "note": "",
            "chip_number": "",
            "birthday": "2000-01-01",
            "facility_subunit": 1,
            "last_modified": "2016-06-22T11:05:01.639",
            "rfid_tag": "",
            "chip_deposit": false,
            "allergen": [],
            "chip_deposit_update_time": 0,
            "cust_nbr": 10312,
            "chip_number_update_time": 0
        }
    },
    {
        "pk": 468,
        "model": "kg.child",
        "fields": {
            "customer": 160,
            "surname": "Kind2",
            "name": "Kunde2",
            "facility": 2,
            "created_at": "2016-07-18T12:03:39.820",
            "rfid_tag_update_time": 0,
            "flatrate": false,
            "note": null,
            "chip_number": "",
            "birthday": "2005-07-05",
            "facility_subunit": 2,
            "last_modified": "2016-07-18T12:03:39.820",
            "rfid_tag": "",
            "chip_deposit": false,
            "allergen": [],
            "chip_deposit_update_time": 0,
            "cust_nbr": 10449,
            "chip_number_update_time": 0
        }
    },
    {
        "pk": 450,
        "model": "kg.child",
        "fields": {
            "customer": 416,
            "surname": "Kind1",
            "name": "Kunde22",
            "facility": 7,
            "created_at": "2000-01-01T00:00:00",
            "rfid_tag_update_time": 0,
            "flatrate": false,
            "note": "",
            "chip_number": "",
            "birthday": "2000-01-01",
            "facility_subunit": 7,
            "last_modified": "2016-06-22T11:05:02.993",
            "rfid_tag": "",
            "chip_deposit": false,
            "allergen": [],
            "chip_deposit_update_time": 0,
            "cust_nbr": 10448,
            "chip_number_update_time": 0
        }
    },
    {
        "pk": 449,
        "model": "kg.child",
        "fields": {
            "customer": 160,
            "surname": "Kind3",
            "name": "Kunde2",
            "facility": 6,
            "created_at": "2000-01-01T00:00:00",
            "rfid_tag_update_time": 0,
            "flatrate": false,
            "note": "",
            "chip_number": "",
            "birthday": "2000-01-01",
            "facility_subunit": 6,
            "last_modified": "2016-06-22T11:05:02.993",
            "rfid_tag": "",
            "chip_deposit": false,
            "allergen": [],
            "chip_deposit_update_time": 0,
            "cust_nbr": 10447,
            "chip_number_update_time": 0
        }
    },
    {
        "pk": 413,
        "model": "kg.sepamandate",
        "fields": {
            "customer": 416,
            "city": "Musterstadt",
            "mandate_id": "MA30413",
            "name": "Vorname Kunde22",
            "last_debit_sequence": "FRST",
            "last_debit_date": "2016-06-08",
            "created_at": "2016-05-26T00:00:00",
            "bic": "BELADEBEXXX",
            "note": "",
            "is_valid": true,
            "street": "Musterstra\u00dfe 33",
            "iban": "DE04399340668928275395",
            "last_modified": "2016-06-01T07:04:22.045",
            "on_paper": true,
            "bank": "Musterbank"
        }
    },
    {
        "pk": 160,
        "model": "kg.sepamandate",
        "fields": {
            "customer": 160,
            "city": "Musterstadt",
            "mandate_id": "MA30160",
            "name": "Vorname Kunde2",
            "last_debit_sequence": "RCUR",
            "last_debit_date": "2016-05-04",
            "created_at": "2016-03-11T06:36:18.977",
            "bic": "BELADEBEXXX",
            "note": "",
            "is_valid": true,
            "street": "Musterstra\u00dfe 33",
            "iban": "DE04399340668928275395",
            "last_modified": "2016-05-01T12:26:10.686",
            "on_paper": false,
            "bank": "Musterbank"
        }
    },
    {
        "pk": 37169,
        "model": "kg.order",
        "fields": {
            "modified_by": 162,
            "menu": 219,
            "price": "0.00",
            "pickup_time": 0,
            "created_by": null,
            "reduction": null,
            "last_modified": "2016-05-26T07:29:38.462",
            "child": 312,
            "quantity": 1
        }
    },
    {
        "pk": 37170,
        "model": "kg.order",
        "fields": {
            "modified_by": 162,
            "menu": 222,
            "price": "0.00",
            "pickup_time": 0,
            "created_by": null,
            "reduction": null,
            "last_modified": "2016-05-26T07:29:41.280",
            "child": 312,
            "quantity": 1
        }
    },
    {
        "pk": 50150,
        "model": "kg.orderhistory",
        "fields": {
            "menu": 237,
            "last_modified": "2016-05-26T07:29:52.728",
            "modified_by": 162,
            "quantity": 1,
            "child": 312
        }
    },
    {
        "pk": 49275,
        "model": "kg.orderhistory",
        "fields": {
            "menu": 239,
            "last_modified": "2016-05-26T07:29:56.342",
            "modified_by": 162,
            "quantity": 1,
            "child": 312
        }
    },
    {
        "pk": 50413,
        "model": "kg.orderhistory",
        "fields": {
            "menu": 254,
            "last_modified": "2016-05-26T07:30:07.345",
            "modified_by": 162,
            "quantity": 1,
            "child": 312
        }
    },
    {
        "pk": 50410,
        "model": "kg.orderhistory",
        "fields": {
            "menu": 255,
            "last_modified": "2016-05-26T07:30:09.516",
            "modified_by": 162,
            "quantity": 1,
            "child": 312
        }
    },
    {
        "pk": 50411,
        "model": "kg.orderhistory",
        "fields": {
            "menu": 257,
            "last_modified": "2016-05-26T07:30:11.401",
            "modified_by": 162,
            "quantity": 1,
            "child": 312
        }
    },
    {
        "pk": 50412,
        "model": "kg.orderhistory",
        "fields": {
            "menu": 259,
            "last_modified": "2016-05-26T07:30:13.885",
            "modified_by": 162,
            "quantity": 1,
            "child": 312
        }
    },
    {
        "pk": 1138,
        "model": "kg.actionlog",
        "fields": {
            "action_flag": 1,
            "action_time": "2016-07-18T12:03:39.830",
            "object_id": "468",
            "change_message": "Kind neu: Kunde2, Kind2",
            "user": 162,
            "content_type": 31
        }
    },
    {
        "pk": 1137,
        "model": "kg.actionlog",
        "fields": {
            "action_flag": 1,
            "action_time": "2016-07-07T17:53:15.768",
            "object_id": "467",
            "change_message": "Kind neu: Child, Test 02",
            "user": 287,
            "content_type": 31
        }
    },
    {
        "pk": 1136,
        "model": "kg.actionlog",
        "fields": {
            "action_flag": 2,
            "action_time": "2016-07-07T17:40:58.315",
            "object_id": "286",
            "change_message": "Kind ge\u00e4ndert: Kunde100, Kind1",
            "user": 287,
            "content_type": 31
        }
    }
]
